[{"model": "admin.logentry", "pk": 1, "fields": {"action_time": "2021-03-10T13:46:17.354Z", "user": 1, "content_type": 8, "object_id": "4", "object_repr": "ilya4", "action_flag": 2, "change_message": "[{\"changed\": {\"fields\": [\"Your picture\"]}}]"}}, {"model": "admin.logentry", "pk": 2, "fields": {"action_time": "2021-03-11T07:24:03.224Z", "user": 1, "content_type": 6, "object_id": "1", "object_repr": "all", "action_flag": 3, "change_message": ""}}, {"model": "admin.logentry", "pk": 3, "fields": {"action_time": "2021-03-11T07:36:30.498Z", "user": 1, "content_type": 6, "object_id": "6", "object_repr": "bakery", "action_flag": 3, "change_message": ""}}, {"model": "admin.logentry", "pk": 4, "fields": {"action_time": "2021-03-11T08:08:44.927Z", "user": 1, "content_type": 7, "object_id": "3", "object_repr": "banana", "action_flag": 3, "change_message": ""}}, {"model": "admin.logentry", "pk": 5, "fields": {"action_time": "2021-03-11T08:10:56.622Z", "user": 1, "content_type": 7, "object_id": "4", "object_repr": "mango", "action_flag": 1, "change_message": "[{\"added\": {}}]"}}, {"model": "admin.logentry", "pk": 6, "fields": {"action_time": "2021-03-11T08:11:42.219Z", "user": 1, "content_type": 7, "object_id": "5", "object_repr": "avocado", "action_flag": 1, "change_message": "[{\"added\": {}}]"}}, {"model": "admin.logentry", "pk": 7, "fields": {"action_time": "2021-03-11T08:12:19.945Z", "user": 1, "content_type": 7, "object_id": "6", "object_repr": "coconut", "action_flag": 1, "change_message": "[{\"added\": {}}]"}}, {"model": "admin.logentry", "pk": 8, "fields": {"action_time": "2021-03-11T08:13:13.916Z", "user": 1, "content_type": 7, "object_id": "7", "object_repr": "passion fruit", "action_flag": 1, "change_message": "[{\"added\": {}}]"}}, {"model": "admin.logentry", "pk": 9, "fields": {"action_time": "2021-03-11T08:13:53.309Z", "user": 1, "content_type": 7, "object_id": "8", "object_repr": "strawberry", "action_flag": 1, "change_message": "[{\"added\": {}}]"}}, {"model": "admin.logentry", "pk": 10, "fields": {"action_time": "2021-03-11T08:15:46.981Z", "user": 1, "content_type": 7, "object_id": "4", "object_repr": "mango", "action_flag": 2, "change_message": "[{\"changed\": {\"fields\": [\"Description\"]}}]"}}, {"model": "admin.logentry", "pk": 11, "fields": {"action_time": "2021-03-11T08:15:51.639Z", "user": 1, "content_type": 7, "object_id": "5", "object_repr": "avocado", "action_flag": 2, "change_message": "[{\"changed\": {\"fields\": [\"Description\"]}}]"}}, {"model": "admin.logentry", "pk": 12, "fields": {"action_time": "2021-03-11T08:15:56.288Z", "user": 1, "content_type": 7, "object_id": "6", "object_repr": "coconut", "action_flag": 2, "change_message": "[{\"changed\": {\"fields\": [\"Description\"]}}]"}}, {"model": "admin.logentry", "pk": 13, "fields": {"action_time": "2021-03-11T08:16:01.084Z", "user": 1, "content_type": 7, "object_id": "7", "object_repr": "passion fruit", "action_flag": 2, "change_message": "[{\"changed\": {\"fields\": [\"Description\"]}}]"}}, {"model": "admin.logentry", "pk": 14, "fields": {"action_time": "2021-03-11T08:16:05.703Z", "user": 1, "content_type": 7, "object_id": "8", "object_repr": "strawberry", "action_flag": 2, "change_message": "[{\"changed\": {\"fields\": [\"Description\"]}}]"}}, {"model": "admin.logentry", "pk": 15, "fields": {"action_time": "2021-03-11T08:16:49.845Z", "user": 1, "content_type": 7, "object_id": "9", "object_repr": "banana", "action_flag": 1, "change_message": "[{\"added\": {}}]"}}, {"model": "admin.logentry", "pk": 16, "fields": {"action_time": "2021-03-11T08:17:35.179Z", "user": 1, "content_type": 7, "object_id": "10", "object_repr": "mandarin", "action_flag": 1, "change_message": "[{\"added\": {}}]"}}, {"model": "admin.logentry", "pk": 17, "fields": {"action_time": "2021-03-11T08:18:16.443Z", "user": 1, "content_type": 7, "object_id": "11", "object_repr": "orange", "action_flag": 1, "change_message": "[{\"added\": {}}]"}}, {"model": "admin.logentry", "pk": 18, "fields": {"action_time": "2021-03-11T08:21:02.519Z", "user": 1, "content_type": 6, "object_id": "3", "object_repr": "cereals", "action_flag": 2, "change_message": "[{\"changed\": {\"fields\": [\"Name\"]}}]"}}, {"model": "admin.logentry", "pk": 19, "fields": {"action_time": "2021-03-11T08:21:19.923Z", "user": 1, "content_type": 6, "object_id": "5", "object_repr": "tea", "action_flag": 2, "change_message": "[{\"changed\": {\"fields\": [\"Name\"]}}]"}}, {"model": "admin.logentry", "pk": 20, "fields": {"action_time": "2021-03-11T08:53:58.362Z", "user": 1, "content_type": 7, "object_id": "12", "object_repr": "Nesquik balls", "action_flag": 1, "change_message": "[{\"added\": {}}]"}}, {"model": "admin.logentry", "pk": 21, "fields": {"action_time": "2021-03-11T08:54:38.248Z", "user": 1, "content_type": 7, "object_id": "13", "object_repr": "Cini Minis", "action_flag": 1, "change_message": "[{\"added\": {}}]"}}, {"model": "admin.logentry", "pk": 22, "fields": {"action_time": "2021-03-11T08:55:22.048Z", "user": 1, "content_type": 7, "object_id": "14", "object_repr": "Nesquik pads", "action_flag": 1, "change_message": "[{\"added\": {}}]"}}, {"model": "admin.logentry", "pk": 23, "fields": {"action_time": "2021-03-11T08:55:50.131Z", "user": 1, "content_type": 7, "object_id": "15", "object_repr": "OGO", "action_flag": 1, "change_message": "[{\"added\": {}}]"}}, {"model": "admin.logentry", "pk": 24, "fields": {"action_time": "2021-03-11T08:56:31.852Z", "user": 1, "content_type": 7, "object_id": "16", "object_repr": "Fitness", "action_flag": 1, "change_message": "[{\"added\": {}}]"}}, {"model": "admin.logentry", "pk": 25, "fields": {"action_time": "2021-03-11T08:57:04.801Z", "user": 1, "content_type": 7, "object_id": "17", "object_repr": "Kosmostars", "action_flag": 1, "change_message": "[{\"added\": {}}]"}}, {"model": "admin.logentry", "pk": 26, "fields": {"action_time": "2021-03-11T08:57:39.131Z", "user": 1, "content_type": 7, "object_id": "18", "object_repr": "Unicorn", "action_flag": 1, "change_message": "[{\"added\": {}}]"}}, {"model": "admin.logentry", "pk": 27, "fields": {"action_time": "2021-03-11T08:58:12.634Z", "user": 1, "content_type": 7, "object_id": "19", "object_repr": "Dinosaurs", "action_flag": 1, "change_message": "[{\"added\": {}}]"}}, {"model": "admin.logentry", "pk": 28, "fields": {"action_time": "2021-03-11T08:58:20.429Z", "user": 1, "content_type": 7, "object_id": "12", "object_repr": "nesquik balls", "action_flag": 2, "change_message": "[{\"changed\": {\"fields\": [\"Name\"]}}]"}}, {"model": "admin.logentry", "pk": 29, "fields": {"action_time": "2021-03-11T08:58:29.791Z", "user": 1, "content_type": 7, "object_id": "13", "object_repr": "cini minis", "action_flag": 2, "change_message": "[{\"changed\": {\"fields\": [\"Name\"]}}]"}}, {"model": "admin.logentry", "pk": 30, "fields": {"action_time": "2021-03-11T08:58:34.698Z", "user": 1, "content_type": 7, "object_id": "14", "object_repr": "nesquik pads", "action_flag": 2, "change_message": "[{\"changed\": {\"fields\": [\"Name\"]}}]"}}, {"model": "admin.logentry", "pk": 31, "fields": {"action_time": "2021-03-11T08:58:41.028Z", "user": 1, "content_type": 7, "object_id": "16", "object_repr": "fitness", "action_flag": 2, "change_message": "[{\"changed\": {\"fields\": [\"Name\"]}}]"}}, {"model": "admin.logentry", "pk": 32, "fields": {"action_time": "2021-03-11T08:58:50.892Z", "user": 1, "content_type": 7, "object_id": "17", "object_repr": "kosmostars", "action_flag": 2, "change_message": "[{\"changed\": {\"fields\": [\"Name\"]}}]"}}, {"model": "admin.logentry", "pk": 33, "fields": {"action_time": "2021-03-11T08:58:56.214Z", "user": 1, "content_type": 7, "object_id": "18", "object_repr": "unicorn", "action_flag": 2, "change_message": "[{\"changed\": {\"fields\": [\"Name\"]}}]"}}, {"model": "admin.logentry", "pk": 34, "fields": {"action_time": "2021-03-11T08:59:02.083Z", "user": 1, "content_type": 7, "object_id": "19", "object_repr": "dinosaurs", "action_flag": 2, "change_message": "[{\"changed\": {\"fields\": [\"Name\"]}}]"}}, {"model": "admin.logentry", "pk": 35, "fields": {"action_time": "2021-03-11T09:04:31.321Z", "user": 1, "content_type": 7, "object_id": "20", "object_repr": "Lays Sour Cream", "action_flag": 1, "change_message": "[{\"added\": {}}]"}}, {"model": "admin.logentry", "pk": 36, "fields": {"action_time": "2021-03-11T09:05:02.592Z", "user": 1, "content_type": 7, "object_id": "21", "object_repr": "Lays Crab", "action_flag": 1, "change_message": "[{\"added\": {}}]"}}, {"model": "admin.logentry", "pk": 37, "fields": {"action_time": "2021-03-11T09:05:47.759Z", "user": 1, "content_type": 7, "object_id": "22", "object_repr": "Pringles Sour Cream", "action_flag": 1, "change_message": "[{\"added\": {}}]"}}, {"model": "admin.logentry", "pk": 38, "fields": {"action_time": "2021-03-11T09:06:33.735Z", "user": 1, "content_type": 7, "object_id": "23", "object_repr": "Cheetos Cheese", "action_flag": 1, "change_message": "[{\"added\": {}}]"}}, {"model": "admin.logentry", "pk": 39, "fields": {"action_time": "2021-03-11T09:07:16.980Z", "user": 1, "content_type": 7, "object_id": "24", "object_repr": "croutons", "action_flag": 1, "change_message": "[{\"added\": {}}]"}}, {"model": "admin.logentry", "pk": 40, "fields": {"action_time": "2021-03-11T09:07:47.515Z", "user": 1, "content_type": 7, "object_id": "25", "object_repr": "ShowTime", "action_flag": 1, "change_message": "[{\"added\": {}}]"}}, {"model": "admin.logentry", "pk": 41, "fields": {"action_time": "2021-03-11T09:08:17.685Z", "user": 1, "content_type": 7, "object_id": "26", "object_repr": "Happy Corn", "action_flag": 1, "change_message": "[{\"added\": {}}]"}}, {"model": "admin.logentry", "pk": 42, "fields": {"action_time": "2021-03-11T09:08:58.586Z", "user": 1, "content_type": 7, "object_id": "27", "object_repr": "Nachos olives", "action_flag": 1, "change_message": "[{\"added\": {}}]"}}, {"model": "admin.logentry", "pk": 43, "fields": {"action_time": "2021-03-11T09:16:58.164Z", "user": 1, "content_type": 7, "object_id": "28", "object_repr": "Ahmad", "action_flag": 1, "change_message": "[{\"added\": {}}]"}}, {"model": "admin.logentry", "pk": 44, "fields": {"action_time": "2021-03-11T09:17:31.412Z", "user": 1, "content_type": 7, "object_id": "29", "object_repr": "Twinings", "action_flag": 1, "change_message": "[{\"added\": {}}]"}}, {"model": "admin.logentry", "pk": 45, "fields": {"action_time": "2021-03-11T09:17:59.765Z", "user": 1, "content_type": 7, "object_id": "30", "object_repr": "Greenfield", "action_flag": 1, "change_message": "[{\"added\": {}}]"}}, {"model": "admin.logentry", "pk": 46, "fields": {"action_time": "2021-03-11T09:18:28.897Z", "user": 1, "content_type": 7, "object_id": "31", "object_repr": "Tess", "action_flag": 1, "change_message": "[{\"added\": {}}]"}}, {"model": "admin.logentry", "pk": 47, "fields": {"action_time": "2021-03-11T09:19:07.434Z", "user": 1, "content_type": 7, "object_id": "32", "object_repr": "Princess Nuri", "action_flag": 1, "change_message": "[{\"added\": {}}]"}}, {"model": "admin.logentry", "pk": 48, "fields": {"action_time": "2021-03-11T09:19:36.851Z", "user": 1, "content_type": 7, "object_id": "33", "object_repr": "Bernley", "action_flag": 1, "change_message": "[{\"added\": {}}]"}}, {"model": "admin.logentry", "pk": 49, "fields": {"action_time": "2021-03-11T09:20:29.695Z", "user": 1, "content_type": 7, "object_id": "34", "object_repr": "Basilur", "action_flag": 1, "change_message": "[{\"added\": {}}]"}}, {"model": "admin.logentry", "pk": 50, "fields": {"action_time": "2021-03-11T09:21:18.474Z", "user": 1, "content_type": 7, "object_id": "35", "object_repr": "Lipton", "action_flag": 1, "change_message": "[{\"added\": {}}]"}}, {"model": "admin.logentry", "pk": 51, "fields": {"action_time": "2021-03-15T08:48:27.487Z", "user": 1, "content_type": 8, "object_id": "4", "object_repr": "ilya4", "action_flag": 2, "change_message": "[{\"changed\": {\"fields\": [\"Your picture\"]}}]"}}, {"model": "admin.logentry", "pk": 52, "fields": {"action_time": "2021-03-15T08:48:38.498Z", "user": 1, "content_type": 8, "object_id": "5", "object_repr": "ilya5", "action_flag": 2, "change_message": "[{\"changed\": {\"fields\": [\"Your picture\"]}}]"}}, {"model": "admin.logentry", "pk": 53, "fields": {"action_time": "2021-03-15T09:46:34.159Z", "user": 1, "content_type": 6, "object_id": "5", "object_repr": "tea", "action_flag": 2, "change_message": "[{\"changed\": {\"fields\": [\"Description\"]}}]"}}, {"model": "admin.logentry", "pk": 54, "fields": {"action_time": "2021-03-15T13:25:59.526Z", "user": 1, "content_type": 3, "object_id": "1", "object_repr": "Some", "action_flag": 1, "change_message": "[{\"added\": {}}]"}}, {"model": "admin.logentry", "pk": 55, "fields": {"action_time": "2021-03-15T13:26:10.137Z", "user": 1, "content_type": 8, "object_id": "7", "object_repr": "Ilya7", "action_flag": 2, "change_message": "[{\"changed\": {\"fields\": [\"Groups\", \"User permissions\"]}}]"}}, {"model": "admin.logentry", "pk": 56, "fields": {"action_time": "2021-03-17T11:34:17.194Z", "user": 1, "content_type": 11, "object_id": "5", "object_repr": "Comment object (5)", "action_flag": 3, "change_message": ""}}, {"model": "admin.logentry", "pk": 57, "fields": {"action_time": "2021-03-17T11:34:17.287Z", "user": 1, "content_type": 11, "object_id": "4", "object_repr": "Comment object (4)", "action_flag": 3, "change_message": ""}}, {"model": "admin.logentry", "pk": 58, "fields": {"action_time": "2021-03-17T11:34:17.446Z", "user": 1, "content_type": 11, "object_id": "3", "object_repr": "Comment object (3)", "action_flag": 3, "change_message": ""}}, {"model": "admin.logentry", "pk": 59, "fields": {"action_time": "2021-03-17T11:34:17.620Z", "user": 1, "content_type": 11, "object_id": "2", "object_repr": "Comment object (2)", "action_flag": 3, "change_message": ""}}, {"model": "admin.logentry", "pk": 60, "fields": {"action_time": "2021-03-17T11:34:17.828Z", "user": 1, "content_type": 11, "object_id": "1", "object_repr": "Comment object (1)", "action_flag": 3, "change_message": ""}}, {"model": "admin.logentry", "pk": 61, "fields": {"action_time": "2021-03-17T11:38:07.379Z", "user": 1, "content_type": 11, "object_id": "8", "object_repr": "Comment object (8)", "action_flag": 1, "change_message": "[{\"added\": {}}]"}}, {"model": "admin.logentry", "pk": 62, "fields": {"action_time": "2021-03-17T11:38:12.429Z", "user": 1, "content_type": 11, "object_id": "8", "object_repr": "Comment object (8)", "action_flag": 2, "change_message": "[{\"changed\": {\"fields\": [\"Product\"]}}]"}}, {"model": "admin.logentry", "pk": 63, "fields": {"action_time": "2021-03-17T11:38:15.729Z", "user": 1, "content_type": 11, "object_id": "8", "object_repr": "Comment object (8)", "action_flag": 2, "change_message": "[{\"changed\": {\"fields\": [\"Product\"]}}]"}}, {"model": "admin.logentry", "pk": 64, "fields": {"action_time": "2021-03-17T11:38:18.506Z", "user": 1, "content_type": 11, "object_id": "8", "object_repr": "Comment object (8)", "action_flag": 2, "change_message": "[{\"changed\": {\"fields\": [\"Product\"]}}]"}}, {"model": "admin.logentry", "pk": 65, "fields": {"action_time": "2021-03-17T11:38:20.461Z", "user": 1, "content_type": 11, "object_id": "8", "object_repr": "Comment object (8)", "action_flag": 2, "change_message": "[{\"changed\": {\"fields\": [\"Product\"]}}]"}}, {"model": "admin.logentry", "pk": 66, "fields": {"action_time": "2021-03-17T11:38:22.563Z", "user": 1, "content_type": 11, "object_id": "8", "object_repr": "Comment object (8)", "action_flag": 2, "change_message": "[{\"changed\": {\"fields\": [\"Product\"]}}]"}}, {"model": "admin.logentry", "pk": 67, "fields": {"action_time": "2021-03-17T11:38:24.330Z", "user": 1, "content_type": 11, "object_id": "8", "object_repr": "Comment object (8)", "action_flag": 2, "change_message": "[{\"changed\": {\"fields\": [\"Product\"]}}]"}}, {"model": "admin.logentry", "pk": 68, "fields": {"action_time": "2021-03-17T11:38:26.290Z", "user": 1, "content_type": 11, "object_id": "8", "object_repr": "Comment object (8)", "action_flag": 2, "change_message": "[{\"changed\": {\"fields\": [\"Product\"]}}]"}}, {"model": "admin.logentry", "pk": 69, "fields": {"action_time": "2021-03-17T11:38:28.048Z", "user": 1, "content_type": 11, "object_id": "8", "object_repr": "Comment object (8)", "action_flag": 2, "change_message": "[{\"changed\": {\"fields\": [\"Product\"]}}]"}}, {"model": "admin.logentry", "pk": 70, "fields": {"action_time": "2021-03-17T11:38:29.789Z", "user": 1, "content_type": 11, "object_id": "8", "object_repr": "Comment object (8)", "action_flag": 2, "change_message": "[{\"changed\": {\"fields\": [\"Product\"]}}]"}}, {"model": "admin.logentry", "pk": 71, "fields": {"action_time": "2021-03-17T11:38:31.997Z", "user": 1, "content_type": 11, "object_id": "8", "object_repr": "Comment object (8)", "action_flag": 2, "change_message": "[{\"changed\": {\"fields\": [\"Product\"]}}]"}}, {"model": "admin.logentry", "pk": 72, "fields": {"action_time": "2021-03-17T11:38:34.553Z", "user": 1, "content_type": 11, "object_id": "8", "object_repr": "Comment object (8)", "action_flag": 2, "change_message": "[{\"changed\": {\"fields\": [\"Product\"]}}]"}}, {"model": "admin.logentry", "pk": 73, "fields": {"action_time": "2021-03-17T11:38:36.456Z", "user": 1, "content_type": 11, "object_id": "8", "object_repr": "Comment object (8)", "action_flag": 2, "change_message": "[{\"changed\": {\"fields\": [\"Product\"]}}]"}}, {"model": "admin.logentry", "pk": 74, "fields": {"action_time": "2021-03-17T11:38:38.570Z", "user": 1, "content_type": 11, "object_id": "8", "object_repr": "Comment object (8)", "action_flag": 2, "change_message": "[{\"changed\": {\"fields\": [\"Product\"]}}]"}}, {"model": "admin.logentry", "pk": 75, "fields": {"action_time": "2021-03-17T11:38:40.903Z", "user": 1, "content_type": 11, "object_id": "8", "object_repr": "Comment object (8)", "action_flag": 2, "change_message": "[{\"changed\": {\"fields\": [\"Product\"]}}]"}}, {"model": "admin.logentry", "pk": 76, "fields": {"action_time": "2021-03-17T11:38:43.844Z", "user": 1, "content_type": 11, "object_id": "8", "object_repr": "Comment object (8)", "action_flag": 2, "change_message": "[{\"changed\": {\"fields\": [\"Product\"]}}]"}}, {"model": "admin.logentry", "pk": 77, "fields": {"action_time": "2021-03-17T11:38:45.838Z", "user": 1, "content_type": 11, "object_id": "8", "object_repr": "Comment object (8)", "action_flag": 2, "change_message": "[{\"changed\": {\"fields\": [\"Product\"]}}]"}}, {"model": "admin.logentry", "pk": 78, "fields": {"action_time": "2021-03-17T11:38:48.311Z", "user": 1, "content_type": 11, "object_id": "8", "object_repr": "Comment object (8)", "action_flag": 2, "change_message": "[{\"changed\": {\"fields\": [\"Product\"]}}]"}}, {"model": "admin.logentry", "pk": 79, "fields": {"action_time": "2021-03-17T11:38:51.935Z", "user": 1, "content_type": 11, "object_id": "8", "object_repr": "Comment object (8)", "action_flag": 2, "change_message": "[{\"changed\": {\"fields\": [\"Product\"]}}]"}}, {"model": "admin.logentry", "pk": 80, "fields": {"action_time": "2021-03-17T11:38:55.005Z", "user": 1, "content_type": 11, "object_id": "8", "object_repr": "Comment object (8)", "action_flag": 2, "change_message": "[{\"changed\": {\"fields\": [\"Product\"]}}]"}}, {"model": "admin.logentry", "pk": 81, "fields": {"action_time": "2021-03-17T11:38:57.968Z", "user": 1, "content_type": 11, "object_id": "8", "object_repr": "Comment object (8)", "action_flag": 2, "change_message": "[{\"changed\": {\"fields\": [\"Product\"]}}]"}}, {"model": "admin.logentry", "pk": 82, "fields": {"action_time": "2021-03-17T11:39:01.346Z", "user": 1, "content_type": 11, "object_id": "8", "object_repr": "Comment object (8)", "action_flag": 2, "change_message": "[{\"changed\": {\"fields\": [\"Product\"]}}]"}}, {"model": "admin.logentry", "pk": 83, "fields": {"action_time": "2021-03-17T11:39:04.432Z", "user": 1, "content_type": 11, "object_id": "8", "object_repr": "Comment object (8)", "action_flag": 2, "change_message": "[{\"changed\": {\"fields\": [\"Product\"]}}]"}}, {"model": "admin.logentry", "pk": 84, "fields": {"action_time": "2021-03-17T11:39:07.575Z", "user": 1, "content_type": 11, "object_id": "8", "object_repr": "Comment object (8)", "action_flag": 2, "change_message": "[{\"changed\": {\"fields\": [\"Product\"]}}]"}}, {"model": "admin.logentry", "pk": 85, "fields": {"action_time": "2021-03-17T11:39:10.288Z", "user": 1, "content_type": 11, "object_id": "8", "object_repr": "Comment object (8)", "action_flag": 2, "change_message": "[{\"changed\": {\"fields\": [\"Product\"]}}]"}}, {"model": "admin.logentry", "pk": 86, "fields": {"action_time": "2021-03-17T11:39:12.902Z", "user": 1, "content_type": 11, "object_id": "8", "object_repr": "Comment object (8)", "action_flag": 2, "change_message": "[{\"changed\": {\"fields\": [\"Product\"]}}]"}}, {"model": "admin.logentry", "pk": 87, "fields": {"action_time": "2021-03-17T11:39:17.814Z", "user": 1, "content_type": 11, "object_id": "8", "object_repr": "Comment object (8)", "action_flag": 2, "change_message": "[{\"changed\": {\"fields\": [\"Product\"]}}]"}}, {"model": "admin.logentry", "pk": 88, "fields": {"action_time": "2021-03-17T11:39:20.735Z", "user": 1, "content_type": 11, "object_id": "8", "object_repr": "Comment object (8)", "action_flag": 2, "change_message": "[{\"changed\": {\"fields\": [\"Product\"]}}]"}}, {"model": "admin.logentry", "pk": 89, "fields": {"action_time": "2021-03-17T11:39:23.510Z", "user": 1, "content_type": 11, "object_id": "8", "object_repr": "Comment object (8)", "action_flag": 2, "change_message": "[{\"changed\": {\"fields\": [\"Product\"]}}]"}}, {"model": "admin.logentry", "pk": 90, "fields": {"action_time": "2021-03-17T11:39:26.180Z", "user": 1, "content_type": 11, "object_id": "8", "object_repr": "Comment object (8)", "action_flag": 2, "change_message": "[{\"changed\": {\"fields\": [\"Product\"]}}]"}}, {"model": "admin.logentry", "pk": 91, "fields": {"action_time": "2021-03-17T11:39:28.296Z", "user": 1, "content_type": 11, "object_id": "8", "object_repr": "Comment object (8)", "action_flag": 2, "change_message": "[{\"changed\": {\"fields\": [\"Product\"]}}]"}}, {"model": "admin.logentry", "pk": 92, "fields": {"action_time": "2021-03-17T11:39:53.003Z", "user": 1, "content_type": 11, "object_id": "8", "object_repr": "Comment object (8)", "action_flag": 2, "change_message": "[]"}}, {"model": "admin.logentry", "pk": 93, "fields": {"action_time": "2021-03-17T11:40:01.127Z", "user": 1, "content_type": 11, "object_id": "9", "object_repr": "Comment object (9)", "action_flag": 1, "change_message": "[{\"added\": {}}]"}}, {"model": "admin.logentry", "pk": 94, "fields": {"action_time": "2021-03-17T11:40:07.191Z", "user": 1, "content_type": 11, "object_id": "10", "object_repr": "Comment object (10)", "action_flag": 1, "change_message": "[{\"added\": {}}]"}}, {"model": "admin.logentry", "pk": 95, "fields": {"action_time": "2021-03-17T11:40:52.374Z", "user": 1, "content_type": 11, "object_id": "11", "object_repr": "Comment object (11)", "action_flag": 1, "change_message": "[{\"added\": {}}]"}}, {"model": "auth.permission", "pk": 1, "fields": {"name": "Can add log entry", "content_type": 1, "codename": "add_logentry"}}, {"model": "auth.permission", "pk": 2, "fields": {"name": "Can change log entry", "content_type": 1, "codename": "change_logentry"}}, {"model": "auth.permission", "pk": 3, "fields": {"name": "Can delete log entry", "content_type": 1, "codename": "delete_logentry"}}, {"model": "auth.permission", "pk": 4, "fields": {"name": "Can view log entry", "content_type": 1, "codename": "view_logentry"}}, {"model": "auth.permission", "pk": 5, "fields": {"name": "Can add permission", "content_type": 2, "codename": "add_permission"}}, {"model": "auth.permission", "pk": 6, "fields": {"name": "Can change permission", "content_type": 2, "codename": "change_permission"}}, {"model": "auth.permission", "pk": 7, "fields": {"name": "Can delete permission", "content_type": 2, "codename": "delete_permission"}}, {"model": "auth.permission", "pk": 8, "fields": {"name": "Can view permission", "content_type": 2, "codename": "view_permission"}}, {"model": "auth.permission", "pk": 9, "fields": {"name": "Can add group", "content_type": 3, "codename": "add_group"}}, {"model": "auth.permission", "pk": 10, "fields": {"name": "Can change group", "content_type": 3, "codename": "change_group"}}, {"model": "auth.permission", "pk": 11, "fields": {"name": "Can delete group", "content_type": 3, "codename": "delete_group"}}, {"model": "auth.permission", "pk": 12, "fields": {"name": "Can view group", "content_type": 3, "codename": "view_group"}}, {"model": "auth.permission", "pk": 13, "fields": {"name": "Can add content type", "content_type": 4, "codename": "add_contenttype"}}, {"model": "auth.permission", "pk": 14, "fields": {"name": "Can change content type", "content_type": 4, "codename": "change_contenttype"}}, {"model": "auth.permission", "pk": 15, "fields": {"name": "Can delete content type", "content_type": 4, "codename": "delete_contenttype"}}, {"model": "auth.permission", "pk": 16, "fields": {"name": "Can view content type", "content_type": 4, "codename": "view_contenttype"}}, {"model": "auth.permission", "pk": 17, "fields": {"name": "Can add session", "content_type": 5, "codename": "add_session"}}, {"model": "auth.permission", "pk": 18, "fields": {"name": "Can change session", "content_type": 5, "codename": "change_session"}}, {"model": "auth.permission", "pk": 19, "fields": {"name": "Can delete session", "content_type": 5, "codename": "delete_session"}}, {"model": "auth.permission", "pk": 20, "fields": {"name": "Can view session", "content_type": 5, "codename": "view_session"}}, {"model": "auth.permission", "pk": 21, "fields": {"name": "Can add Category", "content_type": 6, "codename": "add_category"}}, {"model": "auth.permission", "pk": 22, "fields": {"name": "Can change Category", "content_type": 6, "codename": "change_category"}}, {"model": "auth.permission", "pk": 23, "fields": {"name": "Can delete Category", "content_type": 6, "codename": "delete_category"}}, {"model": "auth.permission", "pk": 24, "fields": {"name": "Can view Category", "content_type": 6, "codename": "view_category"}}, {"model": "auth.permission", "pk": 25, "fields": {"name": "Can add Product", "content_type": 7, "codename": "add_product"}}, {"model": "auth.permission", "pk": 26, "fields": {"name": "Can change Product", "content_type": 7, "codename": "change_product"}}, {"model": "auth.permission", "pk": 27, "fields": {"name": "Can delete Product", "content_type": 7, "codename": "delete_product"}}, {"model": "auth.permission", "pk": 28, "fields": {"name": "Can view Product", "content_type": 7, "codename": "view_product"}}, {"model": "auth.permission", "pk": 29, "fields": {"name": "Can add user", "content_type": 8, "codename": "add_onlineshopuser"}}, {"model": "auth.permission", "pk": 30, "fields": {"name": "Can change user", "content_type": 8, "codename": "change_onlineshopuser"}}, {"model": "auth.permission", "pk": 31, "fields": {"name": "Can delete user", "content_type": 8, "codename": "delete_onlineshopuser"}}, {"model": "auth.permission", "pk": 32, "fields": {"name": "Can view user", "content_type": 8, "codename": "view_onlineshopuser"}}, {"model": "auth.permission", "pk": 33, "fields": {"name": "Can add basket", "content_type": 9, "codename": "add_basket"}}, {"model": "auth.permission", "pk": 34, "fields": {"name": "Can change basket", "content_type": 9, "codename": "change_basket"}}, {"model": "auth.permission", "pk": 35, "fields": {"name": "Can delete basket", "content_type": 9, "codename": "delete_basket"}}, {"model": "auth.permission", "pk": 36, "fields": {"name": "Can view basket", "content_type": 9, "codename": "view_basket"}}, {"model": "auth.permission", "pk": 37, "fields": {"name": "Can add basket", "content_type": 10, "codename": "add_basket"}}, {"model": "auth.permission", "pk": 38, "fields": {"name": "Can change basket", "content_type": 10, "codename": "change_basket"}}, {"model": "auth.permission", "pk": 39, "fields": {"name": "Can delete basket", "content_type": 10, "codename": "delete_basket"}}, {"model": "auth.permission", "pk": 40, "fields": {"name": "Can view basket", "content_type": 10, "codename": "view_basket"}}, {"model": "auth.permission", "pk": 41, "fields": {"name": "Can add comment", "content_type": 11, "codename": "add_comment"}}, {"model": "auth.permission", "pk": 42, "fields": {"name": "Can change comment", "content_type": 11, "codename": "change_comment"}}, {"model": "auth.permission", "pk": 43, "fields": {"name": "Can delete comment", "content_type": 11, "codename": "delete_comment"}}, {"model": "auth.permission", "pk": 44, "fields": {"name": "Can view comment", "content_type": 11, "codename": "view_comment"}}, {"model": "auth.group", "pk": 1, "fields": {"name": "Some", "permissions": [33]}}, {"model": "contenttypes.contenttype", "pk": 1, "fields": {"app_label": "admin", "model": "logentry"}}, {"model": "contenttypes.contenttype", "pk": 2, "fields": {"app_label": "auth", "model": "permission"}}, {"model": "contenttypes.contenttype", "pk": 3, "fields": {"app_label": "auth", "model": "group"}}, {"model": "contenttypes.contenttype", "pk": 4, "fields": {"app_label": "contenttypes", "model": "contenttype"}}, {"model": "contenttypes.contenttype", "pk": 5, "fields": {"app_label": "sessions", "model": "session"}}, {"model": "contenttypes.contenttype", "pk": 6, "fields": {"app_label": "mainapp", "model": "category"}}, {"model": "contenttypes.contenttype", "pk": 7, "fields": {"app_label": "mainapp", "model": "product"}}, {"model": "contenttypes.contenttype", "pk": 8, "fields": {"app_label": "authapp", "model": "onlineshopuser"}}, {"model": "contenttypes.contenttype", "pk": 9, "fields": {"app_label": "mainapp", "model": "basket"}}, {"model": "contenttypes.contenttype", "pk": 10, "fields": {"app_label": "basketapp", "model": "basket"}}, {"model": "contenttypes.contenttype", "pk": 11, "fields": {"app_label": "mainapp", "model": "comment"}}, {"model": "sessions.session", "pk": "1y64ahdvduynesxjuew6oqr4kweakh10", "fields": {"session_data": ".eJxVjMsOwiAQRf-FtSEw5enSvd9AgBmkaiAp7cr479qkC93ec859sRC3tYZt0BJmZGcm2el3SzE_qO0A77HdOs-9rcuc-K7wgw5-7UjPy-H-HdQ46rcGcFGQcxZtKZqyUtIBIPpkNOqCabJGez_pXOxEVggQpJQBEiWDloK9P9spN00:1lJv23:S-ZeyZ4F2_P1zmtf92OtWn76aQ0DVHMyigFtZi-xuQM", "expire_date": "2021-03-24T09:21:31.125Z"}}, {"model": "sessions.session", "pk": "e4tlnowkyk0nbgbvnu1psdjq3r10kvsa", "fields": {"session_data": ".eJxVjMsOwiAQRf-FtSEw5enSvd9AgBmkaiAp7cr479qkC93ec859sRC3tYZt0BJmZGcm2el3SzE_qO0A77HdOs-9rcuc-K7wgw5-7UjPy-H-HdQ46rcGcFGQcxZtKZqyUtIBIPpkNOqCabJGez_pXOxEVggQpJQBEiWDloK9P9spN00:1lK1vR:eBbZl7zIne1ptzWPY4wHyHklTFtfx5ZqY0FKqQRJOmQ", "expire_date": "2021-03-24T16:43:09.272Z"}}, {"model": "sessions.session", "pk": "ff9orbsa7of6m09jp69y3tbdio0yx8r4", "fields": {"session_data": ".eJxVjMsOwiAQRf-FtSEw5enSvd9AgBmkaiAp7cr479qkC93ec859sRC3tYZt0BJmZGcm2el3SzE_qO0A77HdOs-9rcuc-K7wgw5-7UjPy-H-HdQ46rcGcFGQcxZtKZqyUtIBIPpkNOqCabJGez_pXOxEVggQpJQBEiWDloK9P9spN00:1lMUXd:mQ6-mEjRbfwNZa9Fq6AueLZmAoiYJTCZRNKXw9DdOlk", "expire_date": "2021-03-31T11:40:45.031Z"}}, {"model": "mainapp.category", "pk": 2, "fields": {"name": "fruits", "description": "", "date_add": "2021-03-09"}}, {"model": "mainapp.category", "pk": 3, "fields": {"name": "cereals", "description": "", "date_add": "2021-03-09"}}, {"model": "mainapp.category", "pk": 4, "fields": {"name": "snacks", "description": "", "date_add": "2021-03-09"}}, {"model": "mainapp.category", "pk": 5, "fields": {"name": "tea", "description": "The best tea", "date_add": "2021-03-09"}}, {"model": "mainapp.product", "pk": 4, "fields": {"category": 2, "name": "mango", "description": "KG.\r\nThe product is completely ready for use. UAB \"Intercity Logistic\"", "image": "products_pict/mango.jpg", "price": "1.22", "number": 250, "date_add": "2021-03-11", "date_update": "2021-03-11"}}, {"model": "mainapp.product", "pk": 5, "fields": {"category": 2, "name": "avocado", "description": "KG.\r\nThe product is completely ready for use. \r\n\"Tenne Had Arey Katif Ltd\"", "image": "products_pict/avocado.jpg", "price": "1.88", "number": 700, "date_add": "2021-03-11", "date_update": "2021-03-17"}}, {"model": "mainapp.product", "pk": 6, "fields": {"category": 2, "name": "coconut", "description": "KG.\r\nThe product is completely ready for use. \r\nUAB \"Intercity Logistic\"", "image": "products_pict/coconut.jpg", "price": "1.34", "number": 555, "date_add": "2021-03-11", "date_update": "2021-03-11"}}, {"model": "mainapp.product", "pk": 7, "fields": {"category": 2, "name": "passion fruit", "description": "KG.\r\nThe product is completely ready for use.", "image": "products_pict/passionfruit.jpg", "price": "2.44", "number": 456, "date_add": "2021-03-11", "date_update": "2021-03-11"}}, {"model": "mainapp.product", "pk": 8, "fields": {"category": 2, "name": "strawberry", "description": "KG.\r\nThe product is completely ready for use. UAB \"Intercity Logistic\"", "image": "products_pict/strawberry.jpg", "price": "3.99", "number": 1800, "date_add": "2021-03-11", "date_update": "2021-03-11"}}, {"model": "mainapp.product", "pk": 9, "fields": {"category": 2, "name": "banana", "description": "KG.\r\nThe product is completely ready for use.", "image": "products_pict/banana.jpg", "price": "2.10", "number": 2000, "date_add": "2021-03-11", "date_update": "2021-03-11"}}, {"model": "mainapp.product", "pk": 10, "fields": {"category": 2, "name": "mandarin", "description": "KG.\r\nThe product is completely ready for use.", "image": "products_pict/mandarin.jpg", "price": "1.67", "number": 500, "date_add": "2021-03-11", "date_update": "2021-03-11"}}, {"model": "mainapp.product", "pk": 11, "fields": {"category": 2, "name": "orange", "description": "KG.\r\nThe product is completely ready for use.", "image": "products_pict/orange.jpg", "price": "2.05", "number": 700, "date_add": "2021-03-11", "date_update": "2021-03-11"}}, {"model": "mainapp.product", "pk": 12, "fields": {"category": 3, "name": "nesquik balls", "description": "Ready breakfast Nesquik chocolate balls 375g", "image": "products_pict/nesquik.jpg", "price": "2.33", "number": 500, "date_add": "2021-03-11", "date_update": "2021-03-11"}}, {"model": "mainapp.product", "pk": 13, "fields": {"category": 3, "name": "cini minis", "description": "Breakfast Cini Minis with cinnamon 250g pack", "image": "products_pict/ciniminis.jpg", "price": "2.77", "number": 500, "date_add": "2021-03-11", "date_update": "2021-03-11"}}, {"model": "mainapp.product", "pk": 14, "fields": {"category": 3, "name": "nesquik pads", "description": "Breakfast Nesquik banana pads 220g", "image": "products_pict/nesquik2.jpg", "price": "3.41", "number": 500, "date_add": "2021-03-11", "date_update": "2021-03-11"}}, {"model": "mainapp.product", "pk": 15, "fields": {"category": 3, "name": "OGO", "description": "Dry breakfast OGO! Rings with honey 150g", "image": "products_pict/ogo.jpg", "price": "1.65", "number": 500, "date_add": "2021-03-11", "date_update": "2021-03-11"}}, {"model": "mainapp.product", "pk": 16, "fields": {"category": 3, "name": "fitness", "description": "Breakfast Nestle Fitness fruit 200g", "image": "products_pict/fitness.jpg", "price": "3.99", "number": 500, "date_add": "2021-03-11", "date_update": "2021-03-11"}}, {"model": "mainapp.product", "pk": 17, "fields": {"category": 3, "name": "kosmostars", "description": "Nestle Kosmostars honey ready breakfast 225g", "image": "products_pict/kosmostars.jpg", "price": "2.59", "number": 500, "date_add": "2021-03-11", "date_update": "2021-03-11"}}, {"model": "mainapp.product", "pk": 18, "fields": {"category": 3, "name": "unicorn", "description": "Kellogg's Unicorn breakfast cereal rainbow rings with fruit flavor 195g", "image": "products_pict/unicorn.jpg", "price": "3.22", "number": 500, "date_add": "2021-03-11", "date_update": "2021-03-11"}}, {"model": "mainapp.product", "pk": 19, "fields": {"category": 3, "name": "dinosaurs", "description": "Kellogg's Dinosaurs ready-to-eat breakfast chocolate paws and fangs 220g", "image": "products_pict/dinosaurs.jpg", "price": "2.67", "number": 500, "date_add": "2021-03-11", "date_update": "2021-03-11"}}, {"model": "mainapp.product", "pk": 20, "fields": {"category": 4, "name": "Lays Sour Cream", "description": "Lays Sour Cream / Greens potato chips 150g", "image": "products_pict/lays.jpg", "price": "1.45", "number": 1000, "date_add": "2021-03-11", "date_update": "2021-03-11"}}, {"model": "mainapp.product", "pk": 21, "fields": {"category": 4, "name": "Lays Crab", "description": "Lays Crab potato chips 150g", "image": "products_pict/lays2.jpg", "price": "1.45", "number": 2000, "date_add": "2021-03-11", "date_update": "2021-03-11"}}, {"model": "mainapp.product", "pk": 22, "fields": {"category": 4, "name": "Pringles Sour Cream", "description": "Pringles Chips Sour Cream / Onion 165g", "image": "products_pict/pringles.jpg", "price": "2.88", "number": 1000, "date_add": "2021-03-11", "date_update": "2021-03-11"}}, {"model": "mainapp.product", "pk": 23, "fields": {"category": 4, "name": "Cheetos Cheese", "description": "Corn chips Cheetos Cheese 55g", "image": "products_pict/cheetos.jpg", "price": "0.67", "number": 444, "date_add": "2021-03-11", "date_update": "2021-03-11"}}, {"model": "mainapp.product", "pk": 24, "fields": {"category": 4, "name": "croutons", "description": "Wheat croutons HrusTeam baguette Tomato / Greens 60g", "image": "products_pict/xðóñteam.jpg", "price": "0.50", "number": 500, "date_add": "2021-03-11", "date_update": "2021-03-11"}}, {"model": "mainapp.product", "pk": 25, "fields": {"category": 4, "name": "ShowTime", "description": "Popcorn ShowTime for microwave oven Cheese 80g", "image": "products_pict/showtime.jpg", "price": "0.43", "number": 500, "date_add": "2021-03-11", "date_update": "2021-03-11"}}, {"model": "mainapp.product", "pk": 26, "fields": {"category": 4, "name": "Happy Corn", "description": "Popcorn Happy Corn Microwave Salt 100g", "image": "products_pict/happycorn.jpg", "price": "0.89", "number": 1000, "date_add": "2021-03-11", "date_update": "2021-03-11"}}, {"model": "mainapp.product", "pk": 27, "fields": {"category": 4, "name": "Nachos olives", "description": "Corn chips Nachos olives / paprika 75g Delicados", "image": "products_pict/nachos.jpg", "price": "0.89", "number": 400, "date_add": "2021-03-11", "date_update": "2021-03-11"}}, {"model": "mainapp.product", "pk": 28, "fields": {"category": 5, "name": "Ahmad", "description": "Ahmad black tea Earl Gray 25pack", "image": "products_pict/ahmad.jpg", "price": "2.46", "number": 500, "date_add": "2021-03-11", "date_update": "2021-03-11"}}, {"model": "mainapp.product", "pk": 29, "fields": {"category": 5, "name": "Twinings", "description": "Black tea Twinings Earl gray 100g can", "image": "products_pict/twinings.jpg", "price": "7.45", "number": 200, "date_add": "2021-03-11", "date_update": "2021-03-11"}}, {"model": "mainapp.product", "pk": 30, "fields": {"category": 5, "name": "Greenfield", "description": "Black tea Greenfield Golden Ceylon 100pack", "image": "products_pict/greenfield.jpg", "price": "5.28", "number": 300, "date_add": "2021-03-11", "date_update": "2021-03-11"}}, {"model": "mainapp.product", "pk": 31, "fields": {"category": 5, "name": "Tess", "description": "Black tea Tess Ceylon 25pack", "image": "products_pict/tess.jpg", "price": "2.49", "number": 300, "date_add": "2021-03-11", "date_update": "2021-03-11"}}, {"model": "mainapp.product", "pk": 32, "fields": {"category": 5, "name": "Princess Nuri", "description": "Black tea Princess Nuri Black currant 25 pack", "image": "products_pict/nuri.jpg", "price": "1.34", "number": 400, "date_add": "2021-03-11", "date_update": "2021-03-11"}}, {"model": "mainapp.product", "pk": 33, "fields": {"category": 5, "name": "Bernley", "description": "Bernley English Classic black tea leaf 250g", "image": "products_pict/bernley.jpg", "price": "4.10", "number": 400, "date_add": "2021-03-11", "date_update": "2021-03-11"}}, {"model": "mainapp.product", "pk": 34, "fields": {"category": 5, "name": "Basilur", "description": "Black tea Basilur Leaf of Ceylon 100pack", "image": "products_pict/basilur.jpg", "price": "6.78", "number": 200, "date_add": "2021-03-11", "date_update": "2021-03-11"}}, {"model": "mainapp.product", "pk": 35, "fields": {"category": 5, "name": "Lipton", "description": "Lipton Forest Fruit black tea 20", "image": "products_pict/lipton.jpg", "price": "2.34", "number": 200, "date_add": "2021-03-11", "date_update": "2021-03-11"}}, {"model": "mainapp.comment", "pk": 6, "fields": {"user": 1, "product": 9, "comment": "Cool bananas!"}}, {"model": "mainapp.comment", "pk": 7, "fields": {"user": 1, "product": 5, "comment": "Good price!"}}, {"model": "mainapp.comment", "pk": 8, "fields": {"user": 8, "product": 35, "comment": "Test comment!"}}, {"model": "mainapp.comment", "pk": 9, "fields": {"user": 8, "product": 4, "comment": "Test comment!"}}, {"model": "mainapp.comment", "pk": 10, "fields": {"user": 5, "product": 6, "comment": "Test comment!"}}, {"model": "mainapp.comment", "pk": 11, "fields": {"user": 5, "product": 9, "comment": "Test comment!"}}, {"model": "authapp.onlineshopuser", "pk": 1, "fields": {"password": "pbkdf2_sha256$216000$4vm0UCN2jrF5$d3svvnQSPq9XtR5zUiXOPLbQpQVJaukzjqMiE9slZfk=", "last_login": "2021-03-17T11:40:44.962Z", "is_superuser": true, "username": "ilya", "first_name": "UT", "last_name": "", "email": "burian-iliyar@yandex.ru", "is_staff": true, "is_active": true, "date_joined": "2021-03-10T08:02:34Z", "age": 22, "city": "Fort", "avatar": "avatars/bernley.jpg", "groups": [], "user_permissions": [1]}}, {"model": "authapp.onlineshopuser", "pk": 2, "fields": {"password": "pbkdf2_sha256$216000$eLHYmBqD8CSu$sIVMIk3XJXQS0OxruvSeRNQkdFQbTyCF+OVEnwjKVas=", "last_login": "2021-03-10T14:11:47.860Z", "is_superuser": false, "username": "ilya2", "first_name": "", "last_name": "", "email": "burian-iliyar@yandex.ru", "is_staff": false, "is_active": true, "date_joined": "2021-03-10T11:55:08.887Z", "age": 22, "city": "", "avatar": "", "groups": [], "user_permissions": []}}, {"model": "authapp.onlineshopuser", "pk": 3, "fields": {"password": "pbkdf2_sha256$216000$OWsmExRu4IBd$aXqZbhkXQJfA+1KSaRTRMSRLtih3bVMt7/a0uwkWJPI=", "last_login": null, "is_superuser": false, "username": "ilya3", "first_name": "", "last_name": "", "email": "", "is_staff": false, "is_active": false, "date_joined": "2021-03-10T13:41:07Z", "age": 32, "city": "", "avatar": "", "groups": [], "user_permissions": []}}, {"model": "authapp.onlineshopuser", "pk": 4, "fields": {"password": "pbkdf2_sha256$216000$X5HEaD28oJXO$lM9kchcb8Ee7TR1LYqejw/c+tH/2oNZlnZLx9vSuwTs=", "last_login": null, "is_superuser": false, "username": "ilya4", "first_name": "", "last_name": "", "email": "", "is_staff": false, "is_active": true, "date_joined": "2021-03-10T13:42:16Z", "age": 22, "city": "", "avatar": "", "groups": [], "user_permissions": []}}, {"model": "authapp.onlineshopuser", "pk": 5, "fields": {"password": "pbkdf2_sha256$216000$d6j5KtJClKCG$ytsXMNv9u6Z0KANApOdDNJrMRy8ZlcRxnKj4allVAyo=", "last_login": null, "is_superuser": false, "username": "ilya5", "first_name": "", "last_name": "", "email": "", "is_staff": false, "is_active": false, "date_joined": "2021-03-10T13:50:41Z", "age": 12, "city": "", "avatar": "", "groups": [], "user_permissions": []}}, {"model": "authapp.onlineshopuser", "pk": 6, "fields": {"password": "pbkdf2_sha256$216000$gMy9DxOEdU9e$u1QKIkqJLm6IbPn/fC2wNae1pt5M81dK8Xy5o2IJbaw=", "last_login": "2021-03-10T14:16:06.199Z", "is_superuser": false, "username": "ilya6", "first_name": "fdg", "last_name": "gdsfg", "email": "dsh@fgdg.tr", "is_staff": false, "is_active": true, "date_joined": "2021-03-10T13:51:50.803Z", "age": 25, "city": "fdsg", "avatar": "avatars/product01_xdII70F.png", "groups": [], "user_permissions": []}}, {"model": "authapp.onlineshopuser", "pk": 7, "fields": {"password": "pbkdf2_sha256$216000$UqHLOkEoKHEV$BvBHpefQoKJ9Jkz19Ut8ufeWaoRhSWaTA3NeLGNVnZg=", "last_login": null, "is_superuser": false, "username": "Ilya7", "first_name": "", "last_name": "", "email": "", "is_staff": false, "is_active": false, "date_joined": "2021-03-15T13:23:25Z", "age": 33, "city": "", "avatar": "avatars/greenfield.jpg", "groups": [1], "user_permissions": [26]}}, {"model": "authapp.onlineshopuser", "pk": 8, "fields": {"password": "pbkdf2_sha256$216000$cM5Xh9EqFjWT$GyEK7ebwR0Xju8Zbs17K5xreVVGY6ursdJo7noq844U=", "last_login": null, "is_superuser": false, "username": "Ilya10", "first_name": "", "last_name": "", "email": "", "is_staff": false, "is_active": false, "date_joined": "2021-03-16T09:18:06Z", "age": 23, "city": "", "avatar": "", "groups": [], "user_permissions": []}}, {"model": "authapp.onlineshopuser", "pk": 9, "fields": {"password": "pbkdf2_sha256$216000$N4bQAppxBDwe$usTFovr6a9AUxx50EALLRpGK1Nj+L6j/g4XcjoBqwVY=", "last_login": null, "is_superuser": false, "username": "dfs", "first_name": "", "last_name": "", "email": "", "is_staff": true, "is_active": true, "date_joined": "2021-03-16T10:09:47Z", "age": 33, "city": "", "avatar": "", "groups": [], "user_permissions": []}}, {"model": "basketapp.basket", "pk": 5, "fields": {"user": 1, "product": 35, "quantity": 1, "add_datetime": "2021-03-16T14:13:37.861Z"}}, {"model": "basketapp.basket", "pk": 7, "fields": {"user": 1, "product": 14, "quantity": 5, "add_datetime": "2021-03-12T16:21:22.505Z"}}]