[{"model": "mainapp.category", "pk": 2, "fields": {"name": "fruits", "description": "", "date_add": "2021-03-09"}}, {"model": "mainapp.category", "pk": 3, "fields": {"name": "cereals", "description": "", "date_add": "2021-03-09"}}, {"model": "mainapp.category", "pk": 4, "fields": {"name": "snacks", "description": "", "date_add": "2021-03-09"}}, {"model": "mainapp.category", "pk": 5, "fields": {"name": "tea", "description": "The best tea", "date_add": "2021-03-09"}}, {"model": "mainapp.product", "pk": 4, "fields": {"category": 2, "name": "mango", "description": "KG.\r\nThe product is completely ready for use. UAB \"Intercity Logistic\"", "image": "products_pict/mango.jpg", "price": "1.22", "number": 250, "date_add": "2021-03-11", "date_update": "2021-03-11"}}, {"model": "mainapp.product", "pk": 5, "fields": {"category": 2, "name": "avocado", "description": "KG.\r\nThe product is completely ready for use. \r\n\"Tenne Had Arey Katif Ltd\"", "image": "products_pict/avocado.jpg", "price": "1.88", "number": 700, "date_add": "2021-03-11", "date_update": "2021-03-17"}}, {"model": "mainapp.product", "pk": 6, "fields": {"category": 2, "name": "coconut", "description": "KG.\r\nThe product is completely ready for use. \r\nUAB \"Intercity Logistic\"", "image": "products_pict/coconut.jpg", "price": "1.34", "number": 555, "date_add": "2021-03-11", "date_update": "2021-03-11"}}, {"model": "mainapp.product", "pk": 7, "fields": {"category": 2, "name": "passion fruit", "description": "KG.\r\nThe product is completely ready for use.", "image": "products_pict/passionfruit.jpg", "price": "2.44", "number": 456, "date_add": "2021-03-11", "date_update": "2021-03-11"}}, {"model": "mainapp.product", "pk": 8, "fields": {"category": 2, "name": "strawberry", "description": "KG.\r\nThe product is completely ready for use. UAB \"Intercity Logistic\"", "image": "products_pict/strawberry.jpg", "price": "3.99", "number": 1800, "date_add": "2021-03-11", "date_update": "2021-03-11"}}, {"model": "mainapp.product", "pk": 9, "fields": {"category": 2, "name": "banana", "description": "KG.\r\nThe product is completely ready for use.", "image": "products_pict/banana.jpg", "price": "2.10", "number": 2000, "date_add": "2021-03-11", "date_update": "2021-03-11"}}, {"model": "mainapp.product", "pk": 10, "fields": {"category": 2, "name": "mandarin", "description": "KG.\r\nThe product is completely ready for use.", "image": "products_pict/mandarin.jpg", "price": "1.67", "number": 500, "date_add": "2021-03-11", "date_update": "2021-03-11"}}, {"model": "mainapp.product", "pk": 11, "fields": {"category": 2, "name": "orange", "description": "KG.\r\nThe product is completely ready for use.", "image": "products_pict/orange.jpg", "price": "2.05", "number": 700, "date_add": "2021-03-11", "date_update": "2021-03-11"}}, {"model": "mainapp.product", "pk": 12, "fields": {"category": 3, "name": "nesquik balls", "description": "Ready breakfast Nesquik chocolate balls 375g", "image": "products_pict/nesquik.jpg", "price": "2.33", "number": 500, "date_add": "2021-03-11", "date_update": "2021-03-11"}}, {"model": "mainapp.product", "pk": 13, "fields": {"category": 3, "name": "cini minis", "description": "Breakfast Cini Minis with cinnamon 250g pack", "image": "products_pict/ciniminis.jpg", "price": "2.77", "number": 500, "date_add": "2021-03-11", "date_update": "2021-03-11"}}, {"model": "mainapp.product", "pk": 14, "fields": {"category": 3, "name": "nesquik pads", "description": "Breakfast Nesquik banana pads 220g", "image": "products_pict/nesquik2.jpg", "price": "3.41", "number": 500, "date_add": "2021-03-11", "date_update": "2021-03-11"}}, {"model": "mainapp.product", "pk": 15, "fields": {"category": 3, "name": "OGO", "description": "Dry breakfast OGO! Rings with honey 150g", "image": "products_pict/ogo.jpg", "price": "1.65", "number": 500, "date_add": "2021-03-11", "date_update": "2021-03-11"}}, {"model": "mainapp.product", "pk": 16, "fields": {"category": 3, "name": "fitness", "description": "Breakfast Nestle Fitness fruit 200g", "image": "products_pict/fitness.jpg", "price": "3.99", "number": 500, "date_add": "2021-03-11", "date_update": "2021-03-11"}}, {"model": "mainapp.product", "pk": 17, "fields": {"category": 3, "name": "kosmostars", "description": "Nestle Kosmostars honey ready breakfast 225g", "image": "products_pict/kosmostars.jpg", "price": "2.59", "number": 500, "date_add": "2021-03-11", "date_update": "2021-03-11"}}, {"model": "mainapp.product", "pk": 18, "fields": {"category": 3, "name": "unicorn", "description": "Kellogg's Unicorn breakfast cereal rainbow rings with fruit flavor 195g", "image": "products_pict/unicorn.jpg", "price": "3.22", "number": 500, "date_add": "2021-03-11", "date_update": "2021-03-11"}}, {"model": "mainapp.product", "pk": 19, "fields": {"category": 3, "name": "dinosaurs", "description": "Kellogg's Dinosaurs ready-to-eat breakfast chocolate paws and fangs 220g", "image": "products_pict/dinosaurs.jpg", "price": "2.67", "number": 500, "date_add": "2021-03-11", "date_update": "2021-03-11"}}, {"model": "mainapp.product", "pk": 20, "fields": {"category": 4, "name": "Lays Sour Cream", "description": "Lays Sour Cream / Greens potato chips 150g", "image": "products_pict/lays.jpg", "price": "1.45", "number": 1000, "date_add": "2021-03-11", "date_update": "2021-03-11"}}, {"model": "mainapp.product", "pk": 21, "fields": {"category": 4, "name": "Lays Crab", "description": "Lays Crab potato chips 150g", "image": "products_pict/lays2.jpg", "price": "1.45", "number": 2000, "date_add": "2021-03-11", "date_update": "2021-03-11"}}, {"model": "mainapp.product", "pk": 22, "fields": {"category": 4, "name": "Pringles Sour Cream", "description": "Pringles Chips Sour Cream / Onion 165g", "image": "products_pict/pringles.jpg", "price": "2.88", "number": 1000, "date_add": "2021-03-11", "date_update": "2021-03-11"}}, {"model": "mainapp.product", "pk": 23, "fields": {"category": 4, "name": "Cheetos Cheese", "description": "Corn chips Cheetos Cheese 55g", "image": "products_pict/cheetos.jpg", "price": "0.67", "number": 444, "date_add": "2021-03-11", "date_update": "2021-03-11"}}, {"model": "mainapp.product", "pk": 24, "fields": {"category": 4, "name": "croutons", "description": "Wheat croutons HrusTeam baguette Tomato / Greens 60g", "image": "products_pict/xрусteam.jpg", "price": "0.50", "number": 500, "date_add": "2021-03-11", "date_update": "2021-03-11"}}, {"model": "mainapp.product", "pk": 25, "fields": {"category": 4, "name": "ShowTime", "description": "Popcorn ShowTime for microwave oven Cheese 80g", "image": "products_pict/showtime.jpg", "price": "0.43", "number": 500, "date_add": "2021-03-11", "date_update": "2021-03-11"}}, {"model": "mainapp.product", "pk": 26, "fields": {"category": 4, "name": "Happy Corn", "description": "Popcorn Happy Corn Microwave Salt 100g", "image": "products_pict/happycorn.jpg", "price": "0.89", "number": 1000, "date_add": "2021-03-11", "date_update": "2021-03-11"}}, {"model": "mainapp.product", "pk": 27, "fields": {"category": 4, "name": "Nachos olives", "description": "Corn chips Nachos olives / paprika 75g Delicados", "image": "products_pict/nachos.jpg", "price": "0.89", "number": 400, "date_add": "2021-03-11", "date_update": "2021-03-11"}}, {"model": "mainapp.product", "pk": 28, "fields": {"category": 5, "name": "Ahmad", "description": "Ahmad black tea Earl Gray 25pack", "image": "products_pict/ahmad.jpg", "price": "2.46", "number": 500, "date_add": "2021-03-11", "date_update": "2021-03-11"}}, {"model": "mainapp.product", "pk": 29, "fields": {"category": 5, "name": "Twinings", "description": "Black tea Twinings Earl gray 100g can", "image": "products_pict/twinings.jpg", "price": "7.45", "number": 200, "date_add": "2021-03-11", "date_update": "2021-03-11"}}, {"model": "mainapp.product", "pk": 30, "fields": {"category": 5, "name": "Greenfield", "description": "Black tea Greenfield Golden Ceylon 100pack", "image": "products_pict/greenfield.jpg", "price": "5.28", "number": 300, "date_add": "2021-03-11", "date_update": "2021-03-11"}}, {"model": "mainapp.product", "pk": 31, "fields": {"category": 5, "name": "Tess", "description": "Black tea Tess Ceylon 25pack", "image": "products_pict/tess.jpg", "price": "2.49", "number": 300, "date_add": "2021-03-11", "date_update": "2021-03-11"}}, {"model": "mainapp.product", "pk": 32, "fields": {"category": 5, "name": "Princess Nuri", "description": "Black tea Princess Nuri Black currant 25 pack", "image": "products_pict/nuri.jpg", "price": "1.34", "number": 400, "date_add": "2021-03-11", "date_update": "2021-03-11"}}, {"model": "mainapp.product", "pk": 33, "fields": {"category": 5, "name": "Bernley", "description": "Bernley English Classic black tea leaf 250g", "image": "products_pict/bernley.jpg", "price": "4.10", "number": 400, "date_add": "2021-03-11", "date_update": "2021-03-11"}}, {"model": "mainapp.product", "pk": 34, "fields": {"category": 5, "name": "Basilur", "description": "Black tea Basilur Leaf of Ceylon 100pack", "image": "products_pict/basilur.jpg", "price": "6.78", "number": 200, "date_add": "2021-03-11", "date_update": "2021-03-11"}}, {"model": "mainapp.product", "pk": 35, "fields": {"category": 5, "name": "Lipton", "description": "Lipton Forest Fruit black tea 20", "image": "products_pict/lipton.jpg", "price": "2.34", "number": 200, "date_add": "2021-03-11", "date_update": "2021-03-11"}}, {"model": "mainapp.comment", "pk": 6, "fields": {"user": 1, "product": 9, "comment": "Cool bananas!"}}, {"model": "mainapp.comment", "pk": 7, "fields": {"user": 1, "product": 5, "comment": "Good price!"}}, {"model": "mainapp.comment", "pk": 8, "fields": {"user": 8, "product": 35, "comment": "Test comment!"}}, {"model": "mainapp.comment", "pk": 9, "fields": {"user": 8, "product": 4, "comment": "Test comment!"}}, {"model": "mainapp.comment", "pk": 10, "fields": {"user": 5, "product": 6, "comment": "Test comment!"}}, {"model": "mainapp.comment", "pk": 11, "fields": {"user": 5, "product": 9, "comment": "Test comment!"}}]